CREATE TABLE Employees
(
  emp_id NUMBER PRIMARY KEY,
  emp_name varchar2(255) NOT NULL,
  emp_role varchar2(255) NOT NULL,
  emp_salary NUMBER NOT NULL,
  address_id NUMBER NOT NULL,
  FOREIGN KEY (address_id) REFERENCES address(address_id)
);

CREATE TABLE Patients
(
 pat_id NUMBER NOT NULL PRIMARY KEY,
 pat_name VARCHAR2(255) NOT NULL,
 pat_dob varchar(20) NOT NULL,
 pat_gender varchar2(4) NOT NULL,
 address_id NUMBER NOT NULL,
  FOREIGN KEY (address_id) REFERENCES address(address_id)
);

CREATE TABLE Address
(
 address_id NUMBER NOT NULL PRIMARY KEY,
 address VARCHAR2(255) NOT NULL,
 city VARCHAR2(255) NOT NULL,
 phonenum NUMBER NOT NULL,
 postal VARCHAR2(255) NOT NULL
);

CREATE TABLE Patient_Medical_Detail
(
 ohip NUMBER PRIMARY KEY,
 pat_bloodtype VARCHAR2(255),
 pat_allergies VARCHAR2(255),
 pat_id NUMBER NOT NULL,
 FOREIGN KEY (pat_id) REFERENCES patients(pat_id)
);

CREATE TABLE Appointment
(
visit_id NUMBER PRIMARY KEY,
visit_time TIMESTAMP NOT NULL,
visit_cost NUMBER NOT NULL,
visit_reason VARCHAR2(255) NOT NULL,
pat_id NUMBER NOT NULL,
emp_id NUMBER NOT NULL,
FOREIGN KEY (pat_id) REFERENCES patients(pat_id),
FOREIGN KEY (emp_id) REFERENCES employees(emp_id)
);

CREATE TABLE VISIT_PRESCRIPTION
  (
    prescription_id NUMBER PRIMARY KEY,
    prescription_amount VARCHAR2(255) NOT NULL,
    prescription_cost NUMBER NOT NULL,
    visit_id NUMBER NOT NULL,
    med_id NUMBER NOT NULL,
    FOREIGN KEY (visit_id) REFERENCES appointment(visit_id),
    FOREIGN KEY (med_id) REFERENCES medications(med_id)
  );
  
CREATE TABLE MEDICATIONS
(
 med_id NUMBER PRIMARY KEY,
 med_name varchar2(255) NOT NULL,
 med_base_cost NUMBER NOT NULL,
 med_use VARCHAR2(255) NOT NULL
);
  
CREATE TABLE VISI_PROCEDURE
(
  procedure_id NUMBER PRIMARY KEY,
  procedure_cost NUMBER NOT NULL,
  visit_id NUMBER NOT NULL,
  med_procedure_id NUMBER NOT NULL,
  FOREIGN KEY (visit_id) REFERENCES appointment(visit_id),
  FOREIGN KEY (med_procedure_id) REFERENCES medical_procedure(med_procedure_id)
);

CREATE TABLE MEDICAL_PROCEDURE
(
  med_procedure_id NUMBER PRIMARY KEY,
  procedure_name VARCHAR2(255) NOT NULL,
  procedure_base_cost NUMBER NOT NULL
);
  
  
INSERT INTO ADDRESS(ADDRESS , ADDRESS_ID , CITY , PHONENUM , POSTAL) VALUES ('10 Potato St', 1, 'Toronto',1231231234, 'm1q2w3');
INSERT INTO ADDRESS(ADDRESS , ADDRESS_ID , CITY , PHONENUM , POSTAL) VALUES ('13 Potato St', 2, 'Toronto',1231231111, 'm1q2a3');
INSERT INTO ADDRESS(ADDRESS , ADDRESS_ID , CITY , PHONENUM , POSTAL) VALUES ('16 Potato St', 3, 'Toronto',1231232222, 'm1q2b3');
INSERT INTO ADDRESS(ADDRESS , ADDRESS_ID , CITY , PHONENUM , POSTAL) VALUES ('18 Potato St', 4, 'Toronto',1231234444, 'm1q2c3');
INSERT INTO ADDRESS(ADDRESS , ADDRESS_ID , CITY , PHONENUM , POSTAL) VALUES ('21 Potato St', 5, 'Toronto',1231233333, 'm1q2d3');
INSERT INTO ADDRESS(ADDRESS , ADDRESS_ID , CITY , PHONENUM , POSTAL) VALUES ('232 Potato St', 6, 'Toronto',1231235555, 'm1q2e3');
INSERT INTO ADDRESS(ADDRESS , ADDRESS_ID , CITY , PHONENUM , POSTAL) VALUES ('233 Potato St', 7, 'Toronto',1231237777, 'm1q2f3');
INSERT INTO ADDRESS(ADDRESS , ADDRESS_ID , CITY , PHONENUM , POSTAL) VALUES ('700 Potato St', 8, 'Toronto',1231239999, 'm1q2g3');

INSERT INTO EMPLOYEES(ADDRESS_ID , EMP_ID , EMP_NAME , EMP_ROLE , EMP_SALARY) VALUES (1,1, 'George Potatoer', 'doctor', 150000);
INSERT INTO EMPLOYEES(ADDRESS_ID , EMP_ID , EMP_NAME , EMP_ROLE , EMP_SALARY) VALUES (2,2, 'Jane Potating', 'doctor', 100000);
INSERT INTO EMPLOYEES(ADDRESS_ID , EMP_ID , EMP_NAME , EMP_ROLE , EMP_SALARY) VALUES (3,3, 'Annie Potatoes', 'pharmacist', 120000);
INSERT INTO EMPLOYEES(ADDRESS_ID , EMP_ID , EMP_NAME , EMP_ROLE , EMP_SALARY) VALUES (4,4, 'Bill Taters', 'nurse', 110000);

INSERT INTO PATIENTS(ADDRESS_ID , PAT_DOB , PAT_GENDER , PAT_ID , PAT_NAME) VALUES (5, 'June 1, 1990', 'M', 1, 'Joe Spud');
INSERT INTO PATIENTS(ADDRESS_ID , PAT_DOB , PAT_GENDER , PAT_ID , PAT_NAME) VALUES (6, 'June 3, 1980', 'F', 2, 'Abby Spud');
INSERT INTO PATIENTS(ADDRESS_ID , PAT_DOB , PAT_GENDER , PAT_ID , PAT_NAME) VALUES (7, 'June 10, 1960', 'F', 3, 'Lisa Spudster');
INSERT INTO PATIENTS(ADDRESS_ID , PAT_DOB , PAT_GENDER , PAT_ID , PAT_NAME) VALUES (8, 'July 1, 1995', 'M', 4, 'Jack Spudster');

INSERT INTO PATIENT_MEDICAL_DETAIL(PAT_ID, OHIP , PAT_ALLERGIES , PAT_BLOODTYPE) VALUES(1, 111222333, 'Latex', 'O+');
INSERT INTO PATIENT_MEDICAL_DETAIL(PAT_ID, OHIP , PAT_ALLERGIES , PAT_BLOODTYPE) VALUES(2, 111222444, 'Gluten', 'O-');
INSERT INTO PATIENT_MEDICAL_DETAIL(PAT_ID, OHIP , PAT_ALLERGIES , PAT_BLOODTYPE) VALUES(3, 111222555, 'Peanuts', 'B+');
INSERT INTO PATIENT_MEDICAL_DETAIL(PAT_ID, OHIP , PAT_ALLERGIES , PAT_BLOODTYPE) VALUES(4, 111222666, 'Shellfish', 'AB+');


INSERT INTO APPOINTMENT(EMP_ID , PAT_ID , VISIT_COST , VISIT_ID , VISIT_REASON , VISIT_TIME) VALUES (1,4,30,1,'Acne', (TO_DATE('2016/05/03 12:10:00', 'yyyy/mm/dd hh24:mi:ss')));
INSERT INTO APPOINTMENT(EMP_ID , PAT_ID , VISIT_COST , VISIT_ID , VISIT_REASON , VISIT_TIME) VALUES (2,1,50,2,'Sore Throat', (TO_DATE('2016/05/03 12:10:00', 'yyyy/mm/dd hh24:mi:ss')));
INSERT INTO APPOINTMENT(EMP_ID , PAT_ID , VISIT_COST , VISIT_ID , VISIT_REASON , VISIT_TIME) VALUES (2,3,0,3,'Annual check up', (TO_DATE('2016/05/03 13:10:00', 'yyyy/mm/dd hh24:mi:ss')));
INSERT INTO APPOINTMENT(EMP_ID , PAT_ID , VISIT_COST , VISIT_ID , VISIT_REASON , VISIT_TIME) VALUES (1,2,0,4,'Annual check up', (TO_DATE('2016/05/03 13:10:00', 'yyyy/mm/dd hh24:mi:ss')));

INSERT INTO VISIT_PRESCRIPTION(MED_ID , PRESCRIPTION_AMOUNT , PRESCRIPTION_COST , PRESCRIPTION_ID , VISIT_ID) VALUES(2, 1, 60,1,1);
INSERT INTO VISIT_PRESCRIPTION(MED_ID , PRESCRIPTION_AMOUNT , PRESCRIPTION_COST , PRESCRIPTION_ID , VISIT_ID) VALUES(1, 1, 10,2,3);

INSERT INTO MEDICATIONS(MED_BASE_COST , MED_ID , MED_NAME , MED_USE) VALUES (10, 1, 'Tylenol', 'Aches');
INSERT INTO MEDICATIONS(MED_BASE_COST , MED_ID , MED_NAME , MED_USE) VALUES (30, 2, 'Benzaclin', 'Acne');
INSERT INTO MEDICATIONS(MED_BASE_COST , MED_ID , MED_NAME , MED_USE) VALUES (40, 3, 'Potatonol', 'Spuds');
INSERT INTO MEDICATIONS(MED_BASE_COST , MED_ID , MED_NAME , MED_USE) VALUES (60, 4, 'Zofran', 'Axiety');

INSERT INTO VISI_PROCEDURE(MED_PROCEDURE_ID , PROCEDURE_COST , PROCEDURE_ID , VISIT_ID) VALUES (1, 60, 1, 3);
INSERT INTO VISI_PROCEDURE(MED_PROCEDURE_ID , PROCEDURE_COST , PROCEDURE_ID , VISIT_ID) VALUES (2, 80, 2, 4);

INSERT INTO MEDICAL_PROCEDURE(MED_PROCEDURE_ID , PROCEDURE_BASE_COST , PROCEDURE_NAME) VALUES (1, 20, 'Potato swab');
INSERT INTO MEDICAL_PROCEDURE(MED_PROCEDURE_ID , PROCEDURE_BASE_COST , PROCEDURE_NAME) VALUES (2, 40, 'Extraction');
INSERT INTO MEDICAL_PROCEDURE(MED_PROCEDURE_ID , PROCEDURE_BASE_COST , PROCEDURE_NAME) VALUES (3, 10, 'Flushing');

SELECT * FROM EMPLOYEES;
SELECT * FROM PATIENTS;
SELECT * FROM APPOINTMENT;
SELECT * FROM VISIT_PRESCRIPTION;
SELECT * FROM MEDICATIONS;
SELECT * FROM VISI_PROCEDURE;
SELECT * FROM MEDICAL_PROCEDURE;
SELECT * FROM ADDRESS;
SELECT * FROM PATIENT_MEDICAL_DETAIL;
